"Target","year","sum_count"
"ACTIVE RHEUMATIC FEVER","Doc|1968",22
"ACTIVE RHEUMATIC FEVER","Doc|1969",22
"ACTIVE RHEUMATIC FEVER","Doc|1970",22
"ACTIVE RHEUMATIC FEVER","Doc|1971",22
"ACTIVE RHEUMATIC FEVER","Doc|1972",22
"ACTIVE RHEUMATIC FEVER","Doc|1973",22
"ACTIVE RHEUMATIC FEVER","Doc|1974",22
"ACTIVE RHEUMATIC FEVER","Doc|1975",22
"ACTIVE RHEUMATIC FEVER","Doc|1976",22
"ACTIVE RHEUMATIC FEVER","Doc|1977",22
"ACTIVE RHEUMATIC FEVER","Doc|1978",23
"ACTIVE RHEUMATIC FEVER","Doc|1979",23
"ACTIVE RHEUMATIC FEVER","Doc|1980",24
"ACTIVE RHEUMATIC FEVER","Doc|1981",24
"ACTIVE RHEUMATIC FEVER","Doc|1982",24
"ACTIVE RHEUMATIC FEVER","Doc|1983",26
"ACTIVE RHEUMATIC FEVER","Doc|1984",26
"ACTIVE RHEUMATIC FEVER","Doc|1985",26
"ACTIVE RHEUMATIC FEVER","Doc|1986",26
"ACTIVE RHEUMATIC FEVER","Doc|1987",26
"ACTIVE RHEUMATIC FEVER","Doc|1988",26
"ACTIVE RHEUMATIC FEVER","Doc|1989",26
"ACTIVE RHEUMATIC FEVER","Doc|1990",26
"ACTIVE RHEUMATIC FEVER","Doc|1991",26
"ACTIVE RHEUMATIC FEVER","Doc|1992",26
"ACTIVE RHEUMATIC FEVER","Doc|1993",26
"ACTIVE RHEUMATIC FEVER","Doc|1994",26
"ACTIVE RHEUMATIC FEVER","Doc|1995",27
"ACTIVE RHEUMATIC FEVER","Doc|1996",27
"ACTIVE RHEUMATIC FEVER","Doc|1997",27
"ACTIVE RHEUMATIC FEVER","Doc|1998",27
"ACTIVE RHEUMATIC FEVER","Doc|1999",27
"ACTIVE RHEUMATIC FEVER","Doc|2000",31
"ACTIVE RHEUMATIC FEVER","Doc|2001",27
"ACTIVE RHEUMATIC FEVER","Doc|2002",29
"ACTIVE RHEUMATIC FEVER","Doc|2003",29
"ACTIVE RHEUMATIC FEVER","Doc|2004",36
"ACTIVE RHEUMATIC FEVER","Doc|2005",31
"ACTIVE RHEUMATIC FEVER","Doc|2006",32
"ACTIVE RHEUMATIC FEVER","Doc|2007",33
"ACTIVE RHEUMATIC FEVER","Doc|2008",34
"ACTIVE RHEUMATIC FEVER","Doc|2009",36
"ACTIVE RHEUMATIC FEVER","Doc|2010",36
"ACTIVE RHEUMATIC FEVER","Doc|2011",36
"ACTIVE RHEUMATIC FEVER","Doc|2012",43
"ACTIVE RHEUMATIC FEVER","Doc|2013",44
"ACTIVE RHEUMATIC FEVER","Doc|2014",46
"ACTIVE RHEUMATIC FEVER","Doc|2015",46
"ACTIVE RHEUMATIC FEVER","Doc|2016",46
"ACTIVE RHEUMATIC FEVER","Doc|2017",52
"ACTIVE RHEUMATIC FEVER","Doc|2018",53
"ACUTE GOUT","Doc|1968",0
"ACUTE GOUT","Doc|1969",0
"ACUTE GOUT","Doc|1970",0
"ACUTE GOUT","Doc|1971",0
"ACUTE GOUT","Doc|1972",0
"ACUTE GOUT","Doc|1973",0
"ACUTE GOUT","Doc|1974",0
"ACUTE GOUT","Doc|1975",0
"ACUTE GOUT","Doc|1976",0
"ACUTE GOUT","Doc|1977",0
"ACUTE GOUT","Doc|1978",0
"ACUTE GOUT","Doc|1979",0
"ACUTE GOUT","Doc|1980",0
"ACUTE GOUT","Doc|1981",0
"ACUTE GOUT","Doc|1982",0
"ACUTE GOUT","Doc|1983",0
"ACUTE GOUT","Doc|1984",0
"ACUTE GOUT","Doc|1985",0
"ACUTE GOUT","Doc|1986",0
"ACUTE GOUT","Doc|1987",0
"ACUTE GOUT","Doc|1988",0
"ACUTE GOUT","Doc|1989",0
"ACUTE GOUT","Doc|1990",0
"ACUTE GOUT","Doc|1991",0
"ACUTE GOUT","Doc|1992",0
"ACUTE GOUT","Doc|1993",0
"ACUTE GOUT","Doc|1994",0
"ACUTE GOUT","Doc|1995",0
"ACUTE GOUT","Doc|1996",0
"ACUTE GOUT","Doc|1997",0
"ACUTE GOUT","Doc|1998",0
"ACUTE GOUT","Doc|1999",0
"ACUTE GOUT","Doc|2000",0
"ACUTE GOUT","Doc|2001",0
"ACUTE GOUT","Doc|2002",0
"ACUTE GOUT","Doc|2003",0
"ACUTE GOUT","Doc|2004",0
"ACUTE GOUT","Doc|2005",0
"ACUTE GOUT","Doc|2006",0
"ACUTE GOUT","Doc|2007",0
"ACUTE GOUT","Doc|2008",0
"ACUTE GOUT","Doc|2009",0
"ACUTE GOUT","Doc|2010",0
"ACUTE GOUT","Doc|2011",2
"ACUTE GOUT","Doc|2012",2
"ACUTE GOUT","Doc|2013",4
"ACUTE GOUT","Doc|2014",4
"ACUTE GOUT","Doc|2015",5
"ACUTE GOUT","Doc|2016",5
"ACUTE GOUT","Doc|2017",5
"ACUTE GOUT","Doc|2018",5
"AGE RELATED OSTEOPOROSIS","Doc|1968",0
"AGE RELATED OSTEOPOROSIS","Doc|1969",0
"AGE RELATED OSTEOPOROSIS","Doc|1970",0
"AGE RELATED OSTEOPOROSIS","Doc|1971",0
"AGE RELATED OSTEOPOROSIS","Doc|1972",0
"AGE RELATED OSTEOPOROSIS","Doc|1973",0
"AGE RELATED OSTEOPOROSIS","Doc|1974",0
"AGE RELATED OSTEOPOROSIS","Doc|1975",0
"AGE RELATED OSTEOPOROSIS","Doc|1976",3
"AGE RELATED OSTEOPOROSIS","Doc|1977",3
"AGE RELATED OSTEOPOROSIS","Doc|1978",3
"AGE RELATED OSTEOPOROSIS","Doc|1979",3
"AGE RELATED OSTEOPOROSIS","Doc|1980",5
"AGE RELATED OSTEOPOROSIS","Doc|1981",5
"AGE RELATED OSTEOPOROSIS","Doc|1982",5
"AGE RELATED OSTEOPOROSIS","Doc|1983",5
"AGE RELATED OSTEOPOROSIS","Doc|1984",5
"AGE RELATED OSTEOPOROSIS","Doc|1985",5
"AGE RELATED OSTEOPOROSIS","Doc|1986",6
"AGE RELATED OSTEOPOROSIS","Doc|1987",10
"AGE RELATED OSTEOPOROSIS","Doc|1988",10
"AGE RELATED OSTEOPOROSIS","Doc|1989",13
"AGE RELATED OSTEOPOROSIS","Doc|1990",14
"AGE RELATED OSTEOPOROSIS","Doc|1991",16
"AGE RELATED OSTEOPOROSIS","Doc|1992",17
"AGE RELATED OSTEOPOROSIS","Doc|1993",25
"AGE RELATED OSTEOPOROSIS","Doc|1994",30
"AGE RELATED OSTEOPOROSIS","Doc|1995",39
"AGE RELATED OSTEOPOROSIS","Doc|1996",51
"AGE RELATED OSTEOPOROSIS","Doc|1997",58
"AGE RELATED OSTEOPOROSIS","Doc|1998",78
"AGE RELATED OSTEOPOROSIS","Doc|1999",105
"AGE RELATED OSTEOPOROSIS","Doc|2000",146
"AGE RELATED OSTEOPOROSIS","Doc|2001",182
"AGE RELATED OSTEOPOROSIS","Doc|2002",273
"AGE RELATED OSTEOPOROSIS","Doc|2003",408
"AGE RELATED OSTEOPOROSIS","Doc|2004",561
"AGE RELATED OSTEOPOROSIS","Doc|2005",659
"AGE RELATED OSTEOPOROSIS","Doc|2006",809
"AGE RELATED OSTEOPOROSIS","Doc|2007",957
"AGE RELATED OSTEOPOROSIS","Doc|2008",1096
"AGE RELATED OSTEOPOROSIS","Doc|2009",1177
"AGE RELATED OSTEOPOROSIS","Doc|2010",1365
"AGE RELATED OSTEOPOROSIS","Doc|2011",1510
"AGE RELATED OSTEOPOROSIS","Doc|2012",1807
"AGE RELATED OSTEOPOROSIS","Doc|2013",1982
"AGE RELATED OSTEOPOROSIS","Doc|2014",2178
"AGE RELATED OSTEOPOROSIS","Doc|2015",2349
"AGE RELATED OSTEOPOROSIS","Doc|2016",2563
"AGE RELATED OSTEOPOROSIS","Doc|2017",2816
"AGE RELATED OSTEOPOROSIS","Doc|2018",2898
"ALLERGIC ANGIITIDES","Doc|1968",0
"ALLERGIC ANGIITIDES","Doc|1969",0
"ALLERGIC ANGIITIDES","Doc|1970",0
"ALLERGIC ANGIITIDES","Doc|1971",0
"ALLERGIC ANGIITIDES","Doc|1972",0
"ALLERGIC ANGIITIDES","Doc|1973",0
"ALLERGIC ANGIITIDES","Doc|1974",0
"ALLERGIC ANGIITIDES","Doc|1975",0
"ALLERGIC ANGIITIDES","Doc|1976",0
"ALLERGIC ANGIITIDES","Doc|1977",0
"ALLERGIC ANGIITIDES","Doc|1978",0
"ALLERGIC ANGIITIDES","Doc|1979",0
"ALLERGIC ANGIITIDES","Doc|1980",0
"ALLERGIC ANGIITIDES","Doc|1981",0
"ALLERGIC ANGIITIDES","Doc|1982",0
"ALLERGIC ANGIITIDES","Doc|1983",0
"ALLERGIC ANGIITIDES","Doc|1984",0
"ALLERGIC ANGIITIDES","Doc|1985",0
"ALLERGIC ANGIITIDES","Doc|1986",0
"ALLERGIC ANGIITIDES","Doc|1987",0
"ALLERGIC ANGIITIDES","Doc|1988",0
"ALLERGIC ANGIITIDES","Doc|1989",0
"ALLERGIC ANGIITIDES","Doc|1990",0
"ALLERGIC ANGIITIDES","Doc|1991",0
"ALLERGIC ANGIITIDES","Doc|1992",0
"ALLERGIC ANGIITIDES","Doc|1993",0
"ALLERGIC ANGIITIDES","Doc|1994",0
"ALLERGIC ANGIITIDES","Doc|1995",0
"ALLERGIC ANGIITIDES","Doc|1996",0
"ALLERGIC ANGIITIDES","Doc|1997",0
"ALLERGIC ANGIITIDES","Doc|1998",0
"ALLERGIC ANGIITIDES","Doc|1999",0
"ALLERGIC ANGIITIDES","Doc|2000",0
"ALLERGIC ANGIITIDES","Doc|2001",0
"ALLERGIC ANGIITIDES","Doc|2002",0
"ALLERGIC ANGIITIDES","Doc|2003",0
"ALLERGIC ANGIITIDES","Doc|2004",0
"ALLERGIC ANGIITIDES","Doc|2005",0
"ALLERGIC ANGIITIDES","Doc|2006",0
"ALLERGIC ANGIITIDES","Doc|2007",2
"ALLERGIC ANGIITIDES","Doc|2008",4
"ALLERGIC ANGIITIDES","Doc|2009",4
"ALLERGIC ANGIITIDES","Doc|2010",4
"ALLERGIC ANGIITIDES","Doc|2011",10
"ALLERGIC ANGIITIDES","Doc|2012",10
"ALLERGIC ANGIITIDES","Doc|2013",10
"ALLERGIC ANGIITIDES","Doc|2014",13
"ALLERGIC ANGIITIDES","Doc|2015",13
"ALLERGIC ANGIITIDES","Doc|2016",13
"ALLERGIC ANGIITIDES","Doc|2017",15
"ALLERGIC ANGIITIDES","Doc|2018",15
"ANGIITIDES","Doc|1968",0
"ANGIITIDES","Doc|1969",0
"ANGIITIDES","Doc|1970",0
"ANGIITIDES","Doc|1971",0
"ANGIITIDES","Doc|1972",0
"ANGIITIDES","Doc|1973",0
"ANGIITIDES","Doc|1974",0
"ANGIITIDES","Doc|1975",0
"ANGIITIDES","Doc|1976",0
"ANGIITIDES","Doc|1977",0
"ANGIITIDES","Doc|1978",0
"ANGIITIDES","Doc|1979",0
"ANGIITIDES","Doc|1980",0
"ANGIITIDES","Doc|1981",0
"ANGIITIDES","Doc|1982",2
"ANGIITIDES","Doc|1983",2
"ANGIITIDES","Doc|1984",2
"ANGIITIDES","Doc|1985",2
"ANGIITIDES","Doc|1986",2
"ANGIITIDES","Doc|1987",2
"ANGIITIDES","Doc|1988",4
"ANGIITIDES","Doc|1989",7
"ANGIITIDES","Doc|1990",9
"ANGIITIDES","Doc|1991",9
"ANGIITIDES","Doc|1992",11
"ANGIITIDES","Doc|1993",13
"ANGIITIDES","Doc|1994",15
"ANGIITIDES","Doc|1995",15
"ANGIITIDES","Doc|1996",16
"ANGIITIDES","Doc|1997",18
"ANGIITIDES","Doc|1998",20
"ANGIITIDES","Doc|1999",31
"ANGIITIDES","Doc|2000",39
"ANGIITIDES","Doc|2001",39
"ANGIITIDES","Doc|2002",45
"ANGIITIDES","Doc|2003",51
"ANGIITIDES","Doc|2004",67
"ANGIITIDES","Doc|2005",78
"ANGIITIDES","Doc|2006",103
"ANGIITIDES","Doc|2007",121
"ANGIITIDES","Doc|2008",135
"ANGIITIDES","Doc|2009",151
"ANGIITIDES","Doc|2010",168
"ANGIITIDES","Doc|2011",202
"ANGIITIDES","Doc|2012",257
"ANGIITIDES","Doc|2013",303
"ANGIITIDES","Doc|2014",352
"ANGIITIDES","Doc|2015",409
"ANGIITIDES","Doc|2016",472
"ANGIITIDES","Doc|2017",533
"ANGIITIDES","Doc|2018",547
"ANKYLOSING SPONDYLARTHRITIDES","Doc|1968",0
"ANKYLOSING SPONDYLARTHRITIDES","Doc|1969",0
"ANKYLOSING SPONDYLARTHRITIDES","Doc|1970",0
"ANKYLOSING SPONDYLARTHRITIDES","Doc|1971",0
"ANKYLOSING SPONDYLARTHRITIDES","Doc|1972",0
"ANKYLOSING SPONDYLARTHRITIDES","Doc|1973",0
"ANKYLOSING SPONDYLARTHRITIDES","Doc|1974",0
"ANKYLOSING SPONDYLARTHRITIDES","Doc|1975",0
"ANKYLOSING SPONDYLARTHRITIDES","Doc|1976",0
"ANKYLOSING SPONDYLARTHRITIDES","Doc|1977",9
"ANKYLOSING SPONDYLARTHRITIDES","Doc|1978",15
"ANKYLOSING SPONDYLARTHRITIDES","Doc|1979",15
"ANKYLOSING SPONDYLARTHRITIDES","Doc|1980",18
"ANKYLOSING SPONDYLARTHRITIDES","Doc|1981",18
"ANKYLOSING SPONDYLARTHRITIDES","Doc|1982",22
"ANKYLOSING SPONDYLARTHRITIDES","Doc|1983",32
"ANKYLOSING SPONDYLARTHRITIDES","Doc|1984",36
"ANKYLOSING SPONDYLARTHRITIDES","Doc|1985",41
"ANKYLOSING SPONDYLARTHRITIDES","Doc|1986",49
"ANKYLOSING SPONDYLARTHRITIDES","Doc|1987",57
"ANKYLOSING SPONDYLARTHRITIDES","Doc|1988",64
"ANKYLOSING SPONDYLARTHRITIDES","Doc|1989",67
"ANKYLOSING SPONDYLARTHRITIDES","Doc|1990",72
"ANKYLOSING SPONDYLARTHRITIDES","Doc|1991",75
"ANKYLOSING SPONDYLARTHRITIDES","Doc|1992",80
"ANKYLOSING SPONDYLARTHRITIDES","Doc|1993",86
"ANKYLOSING SPONDYLARTHRITIDES","Doc|1994",97
"ANKYLOSING SPONDYLARTHRITIDES","Doc|1995",106
"ANKYLOSING SPONDYLARTHRITIDES","Doc|1996",113
"ANKYLOSING SPONDYLARTHRITIDES","Doc|1997",122
"ANKYLOSING SPONDYLARTHRITIDES","Doc|1998",142
"ANKYLOSING SPONDYLARTHRITIDES","Doc|1999",152
"ANKYLOSING SPONDYLARTHRITIDES","Doc|2000",173
"ANKYLOSING SPONDYLARTHRITIDES","Doc|2001",167
"ANKYLOSING SPONDYLARTHRITIDES","Doc|2002",190
"ANKYLOSING SPONDYLARTHRITIDES","Doc|2003",203
"ANKYLOSING SPONDYLARTHRITIDES","Doc|2004",247
"ANKYLOSING SPONDYLARTHRITIDES","Doc|2005",246
"ANKYLOSING SPONDYLARTHRITIDES","Doc|2006",276
"ANKYLOSING SPONDYLARTHRITIDES","Doc|2007",305
"ANKYLOSING SPONDYLARTHRITIDES","Doc|2008",332
"ANKYLOSING SPONDYLARTHRITIDES","Doc|2009",375
"ANKYLOSING SPONDYLARTHRITIDES","Doc|2010",423
"ANKYLOSING SPONDYLARTHRITIDES","Doc|2011",458
"ANKYLOSING SPONDYLARTHRITIDES","Doc|2012",665
"ANKYLOSING SPONDYLARTHRITIDES","Doc|2013",785
"ANKYLOSING SPONDYLARTHRITIDES","Doc|2014",898
"ANKYLOSING SPONDYLARTHRITIDES","Doc|2015",1054
"ANKYLOSING SPONDYLARTHRITIDES","Doc|2016",1197
"ANKYLOSING SPONDYLARTHRITIDES","Doc|2017",1336
"ANKYLOSING SPONDYLARTHRITIDES","Doc|2018",1379
"ANTI PHOSPHOLIPID ANTIBODY SYNDROME","Doc|1968",0
"ANTI PHOSPHOLIPID ANTIBODY SYNDROME","Doc|1969",0
"ANTI PHOSPHOLIPID ANTIBODY SYNDROME","Doc|1970",0
"ANTI PHOSPHOLIPID ANTIBODY SYNDROME","Doc|1971",0
"ANTI PHOSPHOLIPID ANTIBODY SYNDROME","Doc|1972",0
"ANTI PHOSPHOLIPID ANTIBODY SYNDROME","Doc|1973",0
"ANTI PHOSPHOLIPID ANTIBODY SYNDROME","Doc|1974",0
"ANTI PHOSPHOLIPID ANTIBODY SYNDROME","Doc|1975",0
"ANTI PHOSPHOLIPID ANTIBODY SYNDROME","Doc|1976",0
"ANTI PHOSPHOLIPID ANTIBODY SYNDROME","Doc|1977",0
"ANTI PHOSPHOLIPID ANTIBODY SYNDROME","Doc|1978",0
"ANTI PHOSPHOLIPID ANTIBODY SYNDROME","Doc|1979",0
"ANTI PHOSPHOLIPID ANTIBODY SYNDROME","Doc|1980",0
"ANTI PHOSPHOLIPID ANTIBODY SYNDROME","Doc|1981",0
"ANTI PHOSPHOLIPID ANTIBODY SYNDROME","Doc|1982",0
"ANTI PHOSPHOLIPID ANTIBODY SYNDROME","Doc|1983",0
"ANTI PHOSPHOLIPID ANTIBODY SYNDROME","Doc|1984",0
"ANTI PHOSPHOLIPID ANTIBODY SYNDROME","Doc|1985",0
"ANTI PHOSPHOLIPID ANTIBODY SYNDROME","Doc|1986",0
"ANTI PHOSPHOLIPID ANTIBODY SYNDROME","Doc|1987",0
"ANTI PHOSPHOLIPID ANTIBODY SYNDROME","Doc|1988",0
"ANTI PHOSPHOLIPID ANTIBODY SYNDROME","Doc|1989",0
"ANTI PHOSPHOLIPID ANTIBODY SYNDROME","Doc|1990",0
"ANTI PHOSPHOLIPID ANTIBODY SYNDROME","Doc|1991",0
"ANTI PHOSPHOLIPID ANTIBODY SYNDROME","Doc|1992",0
"ANTI PHOSPHOLIPID ANTIBODY SYNDROME","Doc|1993",0
"ANTI PHOSPHOLIPID ANTIBODY SYNDROME","Doc|1994",0
"ANTI PHOSPHOLIPID ANTIBODY SYNDROME","Doc|1995",0
"ANTI PHOSPHOLIPID ANTIBODY SYNDROME","Doc|1996",0
"ANTI PHOSPHOLIPID ANTIBODY SYNDROME","Doc|1997",4
"ANTI PHOSPHOLIPID ANTIBODY SYNDROME","Doc|1998",7
"ANTI PHOSPHOLIPID ANTIBODY SYNDROME","Doc|1999",11
"ANTI PHOSPHOLIPID ANTIBODY SYNDROME","Doc|2000",15
"ANTI PHOSPHOLIPID ANTIBODY SYNDROME","Doc|2001",19
"ANTI PHOSPHOLIPID ANTIBODY SYNDROME","Doc|2002",25
"ANTI PHOSPHOLIPID ANTIBODY SYNDROME","Doc|2003",30
"ANTI PHOSPHOLIPID ANTIBODY SYNDROME","Doc|2004",38
"ANTI PHOSPHOLIPID ANTIBODY SYNDROME","Doc|2005",43
"ANTI PHOSPHOLIPID ANTIBODY SYNDROME","Doc|2006",49
"ANTI PHOSPHOLIPID ANTIBODY SYNDROME","Doc|2007",56
"ANTI PHOSPHOLIPID ANTIBODY SYNDROME","Doc|2008",62
"ANTI PHOSPHOLIPID ANTIBODY SYNDROME","Doc|2009",66
"ANTI PHOSPHOLIPID ANTIBODY SYNDROME","Doc|2010",70
"ANTI PHOSPHOLIPID ANTIBODY SYNDROME","Doc|2011",83
"ANTI PHOSPHOLIPID ANTIBODY SYNDROME","Doc|2012",119
"ANTI PHOSPHOLIPID ANTIBODY SYNDROME","Doc|2013",127
"ANTI PHOSPHOLIPID ANTIBODY SYNDROME","Doc|2014",144
"ANTI PHOSPHOLIPID ANTIBODY SYNDROME","Doc|2015",162
"ANTI PHOSPHOLIPID ANTIBODY SYNDROME","Doc|2016",190
"ANTI PHOSPHOLIPID ANTIBODY SYNDROME","Doc|2017",206
"ANTI PHOSPHOLIPID ANTIBODY SYNDROME","Doc|2018",213
"AORTIC ARCH SYNDROME","Doc|1968",0
"AORTIC ARCH SYNDROME","Doc|1969",0
"AORTIC ARCH SYNDROME","Doc|1970",0
"AORTIC ARCH SYNDROME","Doc|1971",0
"AORTIC ARCH SYNDROME","Doc|1972",0
"AORTIC ARCH SYNDROME","Doc|1973",0
"AORTIC ARCH SYNDROME","Doc|1974",0
"AORTIC ARCH SYNDROME","Doc|1975",0
"AORTIC ARCH SYNDROME","Doc|1976",0
"AORTIC ARCH SYNDROME","Doc|1977",0
"AORTIC ARCH SYNDROME","Doc|1978",0
"AORTIC ARCH SYNDROME","Doc|1979",0
"AORTIC ARCH SYNDROME","Doc|1980",0
"AORTIC ARCH SYNDROME","Doc|1981",0
"AORTIC ARCH SYNDROME","Doc|1982",0
"AORTIC ARCH SYNDROME","Doc|1983",0
"AORTIC ARCH SYNDROME","Doc|1984",0
"AORTIC ARCH SYNDROME","Doc|1985",0
"AORTIC ARCH SYNDROME","Doc|1986",0
"AORTIC ARCH SYNDROME","Doc|1987",0
"AORTIC ARCH SYNDROME","Doc|1988",0
"AORTIC ARCH SYNDROME","Doc|1989",0
"AORTIC ARCH SYNDROME","Doc|1990",0
"AORTIC ARCH SYNDROME","Doc|1991",0
"AORTIC ARCH SYNDROME","Doc|1992",2
"AORTIC ARCH SYNDROME","Doc|1993",2
"AORTIC ARCH SYNDROME","Doc|1994",2
"AORTIC ARCH SYNDROME","Doc|1995",2
"AORTIC ARCH SYNDROME","Doc|1996",2
"AORTIC ARCH SYNDROME","Doc|1997",2
"AORTIC ARCH SYNDROME","Doc|1998",4
"AORTIC ARCH SYNDROME","Doc|1999",4
"AORTIC ARCH SYNDROME","Doc|2000",5
"AORTIC ARCH SYNDROME","Doc|2001",5
"AORTIC ARCH SYNDROME","Doc|2002",5
"AORTIC ARCH SYNDROME","Doc|2003",5
"AORTIC ARCH SYNDROME","Doc|2004",5
"AORTIC ARCH SYNDROME","Doc|2005",6
"AORTIC ARCH SYNDROME","Doc|2006",6
"AORTIC ARCH SYNDROME","Doc|2007",8
"AORTIC ARCH SYNDROME","Doc|2008",10
"AORTIC ARCH SYNDROME","Doc|2009",14
"AORTIC ARCH SYNDROME","Doc|2010",19
"AORTIC ARCH SYNDROME","Doc|2011",25
"AORTIC ARCH SYNDROME","Doc|2012",34
"AORTIC ARCH SYNDROME","Doc|2013",37
"AORTIC ARCH SYNDROME","Doc|2014",44
"AORTIC ARCH SYNDROME","Doc|2015",52
"AORTIC ARCH SYNDROME","Doc|2016",63
"AORTIC ARCH SYNDROME","Doc|2017",75
"AORTIC ARCH SYNDROME","Doc|2018",80
"ARTHRITIS","Doc|1968",15
"ARTHRITIS","Doc|1969",15
"ARTHRITIS","Doc|1970",15
"ARTHRITIS","Doc|1971",15
"ARTHRITIS","Doc|1972",15
"ARTHRITIS","Doc|1973",15
"ARTHRITIS","Doc|1974",16
"ARTHRITIS","Doc|1975",16
"ARTHRITIS","Doc|1976",16
"ARTHRITIS","Doc|1977",18
"ARTHRITIS","Doc|1978",21
"ARTHRITIS","Doc|1979",23
"ARTHRITIS","Doc|1980",24
"ARTHRITIS","Doc|1981",24
"ARTHRITIS","Doc|1982",24
"ARTHRITIS","Doc|1983",26
"ARTHRITIS","Doc|1984",27
"ARTHRITIS","Doc|1985",32
"ARTHRITIS","Doc|1986",34
"ARTHRITIS","Doc|1987",37
"ARTHRITIS","Doc|1988",42
"ARTHRITIS","Doc|1989",47
"ARTHRITIS","Doc|1990",52
"ARTHRITIS","Doc|1991",59
"ARTHRITIS","Doc|1992",85
"ARTHRITIS","Doc|1993",108
"ARTHRITIS","Doc|1994",126
"ARTHRITIS","Doc|1995",167
"ARTHRITIS","Doc|1996",204
"ARTHRITIS","Doc|1997",238
"ARTHRITIS","Doc|1998",287
"ARTHRITIS","Doc|1999",333
"ARTHRITIS","Doc|2000",424
"ARTHRITIS","Doc|2001",499
"ARTHRITIS","Doc|2002",682
"ARTHRITIS","Doc|2003",905
"ARTHRITIS","Doc|2004",1173
"ARTHRITIS","Doc|2005",1392
"ARTHRITIS","Doc|2006",1673
"ARTHRITIS","Doc|2007",1932
"ARTHRITIS","Doc|2008",2247
"ARTHRITIS","Doc|2009",2651
"ARTHRITIS","Doc|2010",3097
"ARTHRITIS","Doc|2011",3564
"ARTHRITIS","Doc|2012",4433
"ARTHRITIS","Doc|2013",4943
"ARTHRITIS","Doc|2014",5526
"ARTHRITIS","Doc|2015",6128
"ARTHRITIS","Doc|2016",6766
"ARTHRITIS","Doc|2017",7447
"ARTHRITIS","Doc|2018",7612
"ASEPTIC NECROSIS OF BONE","Doc|1968",0
"ASEPTIC NECROSIS OF BONE","Doc|1969",0
"ASEPTIC NECROSIS OF BONE","Doc|1970",0
"ASEPTIC NECROSIS OF BONE","Doc|1971",0
"ASEPTIC NECROSIS OF BONE","Doc|1972",0
"ASEPTIC NECROSIS OF BONE","Doc|1973",0
"ASEPTIC NECROSIS OF BONE","Doc|1974",0
"ASEPTIC NECROSIS OF BONE","Doc|1975",0
"ASEPTIC NECROSIS OF BONE","Doc|1976",0
"ASEPTIC NECROSIS OF BONE","Doc|1977",0
"ASEPTIC NECROSIS OF BONE","Doc|1978",0
"ASEPTIC NECROSIS OF BONE","Doc|1979",0
"ASEPTIC NECROSIS OF BONE","Doc|1980",0
"ASEPTIC NECROSIS OF BONE","Doc|1981",0
"ASEPTIC NECROSIS OF BONE","Doc|1982",0
"ASEPTIC NECROSIS OF BONE","Doc|1983",0
"ASEPTIC NECROSIS OF BONE","Doc|1984",0
"ASEPTIC NECROSIS OF BONE","Doc|1985",0
"ASEPTIC NECROSIS OF BONE","Doc|1986",0
"ASEPTIC NECROSIS OF BONE","Doc|1987",0
"ASEPTIC NECROSIS OF BONE","Doc|1988",0
"ASEPTIC NECROSIS OF BONE","Doc|1989",0
"ASEPTIC NECROSIS OF BONE","Doc|1990",0
"ASEPTIC NECROSIS OF BONE","Doc|1991",0
"ASEPTIC NECROSIS OF BONE","Doc|1992",0
"ASEPTIC NECROSIS OF BONE","Doc|1993",0
"ASEPTIC NECROSIS OF BONE","Doc|1994",0
"ASEPTIC NECROSIS OF BONE","Doc|1995",0
"ASEPTIC NECROSIS OF BONE","Doc|1996",0
"ASEPTIC NECROSIS OF BONE","Doc|1997",0
"ASEPTIC NECROSIS OF BONE","Doc|1998",0
"ASEPTIC NECROSIS OF BONE","Doc|1999",0
"ASEPTIC NECROSIS OF BONE","Doc|2000",0
"ASEPTIC NECROSIS OF BONE","Doc|2001",0
"ASEPTIC NECROSIS OF BONE","Doc|2002",0
"ASEPTIC NECROSIS OF BONE","Doc|2003",0
"ASEPTIC NECROSIS OF BONE","Doc|2004",0
"ASEPTIC NECROSIS OF BONE","Doc|2005",0
"ASEPTIC NECROSIS OF BONE","Doc|2006",0
"ASEPTIC NECROSIS OF BONE","Doc|2007",0
"ASEPTIC NECROSIS OF BONE","Doc|2008",0
"ASEPTIC NECROSIS OF BONE","Doc|2009",6
"ASEPTIC NECROSIS OF BONE","Doc|2010",13
"ASEPTIC NECROSIS OF BONE","Doc|2011",14
"ASEPTIC NECROSIS OF BONE","Doc|2012",24
"ASEPTIC NECROSIS OF BONE","Doc|2013",30
"ASEPTIC NECROSIS OF BONE","Doc|2014",49
"ASEPTIC NECROSIS OF BONE","Doc|2015",66
"ASEPTIC NECROSIS OF BONE","Doc|2016",82
"ASEPTIC NECROSIS OF BONE","Doc|2017",103
"ASEPTIC NECROSIS OF BONE","Doc|2018",119
"BEHCET SYNDROME","Doc|1968",0
"BEHCET SYNDROME","Doc|1969",0
"BEHCET SYNDROME","Doc|1970",0
"BEHCET SYNDROME","Doc|1971",0
"BEHCET SYNDROME","Doc|1972",0
"BEHCET SYNDROME","Doc|1973",0
"BEHCET SYNDROME","Doc|1974",0
"BEHCET SYNDROME","Doc|1975",0
"BEHCET SYNDROME","Doc|1976",0
"BEHCET SYNDROME","Doc|1977",0
"BEHCET SYNDROME","Doc|1978",0
"BEHCET SYNDROME","Doc|1979",0
"BEHCET SYNDROME","Doc|1980",0
"BEHCET SYNDROME","Doc|1981",0
"BEHCET SYNDROME","Doc|1982",3
"BEHCET SYNDROME","Doc|1983",4
"BEHCET SYNDROME","Doc|1984",4
"BEHCET SYNDROME","Doc|1985",4
"BEHCET SYNDROME","Doc|1986",6
"BEHCET SYNDROME","Doc|1987",6
"BEHCET SYNDROME","Doc|1988",6
"BEHCET SYNDROME","Doc|1989",6
"BEHCET SYNDROME","Doc|1990",6
"BEHCET SYNDROME","Doc|1991",6
"BEHCET SYNDROME","Doc|1992",8
"BEHCET SYNDROME","Doc|1993",8
"BEHCET SYNDROME","Doc|1994",10
"BEHCET SYNDROME","Doc|1995",14
"BEHCET SYNDROME","Doc|1996",18
"BEHCET SYNDROME","Doc|1997",20
"BEHCET SYNDROME","Doc|1998",27
"BEHCET SYNDROME","Doc|1999",30
"BEHCET SYNDROME","Doc|2000",34
"BEHCET SYNDROME","Doc|2001",45
"BEHCET SYNDROME","Doc|2002",51
"BEHCET SYNDROME","Doc|2003",74
"BEHCET SYNDROME","Doc|2004",83
"BEHCET SYNDROME","Doc|2005",98
"BEHCET SYNDROME","Doc|2006",105
"BEHCET SYNDROME","Doc|2007",117
"BEHCET SYNDROME","Doc|2008",133
"BEHCET SYNDROME","Doc|2009",147
"BEHCET SYNDROME","Doc|2010",169
"BEHCET SYNDROME","Doc|2011",198
"BEHCET SYNDROME","Doc|2012",274
"BEHCET SYNDROME","Doc|2013",329
"BEHCET SYNDROME","Doc|2014",389
"BEHCET SYNDROME","Doc|2015",436
"BEHCET SYNDROME","Doc|2016",475
"BEHCET SYNDROME","Doc|2017",517
"BEHCET SYNDROME","Doc|2018",537
"BONE INFECTION","Doc|1968",0
"BONE INFECTION","Doc|1969",0
"BONE INFECTION","Doc|1970",0
"BONE INFECTION","Doc|1971",0
"BONE INFECTION","Doc|1972",0
"BONE INFECTION","Doc|1973",0
"BONE INFECTION","Doc|1974",0
"BONE INFECTION","Doc|1975",0
"BONE INFECTION","Doc|1976",0
"BONE INFECTION","Doc|1977",0
"BONE INFECTION","Doc|1978",0
"BONE INFECTION","Doc|1979",0
"BONE INFECTION","Doc|1980",0
"BONE INFECTION","Doc|1981",0
"BONE INFECTION","Doc|1982",0
"BONE INFECTION","Doc|1983",0
"BONE INFECTION","Doc|1984",0
"BONE INFECTION","Doc|1985",0
"BONE INFECTION","Doc|1986",0
"BONE INFECTION","Doc|1987",0
"BONE INFECTION","Doc|1988",0
"BONE INFECTION","Doc|1989",0
"BONE INFECTION","Doc|1990",0
"BONE INFECTION","Doc|1991",0
"BONE INFECTION","Doc|1992",0
"BONE INFECTION","Doc|1993",0
"BONE INFECTION","Doc|1994",0
"BONE INFECTION","Doc|1995",0
"BONE INFECTION","Doc|1996",2
"BONE INFECTION","Doc|1997",2
"BONE INFECTION","Doc|1998",2
"BONE INFECTION","Doc|1999",2
"BONE INFECTION","Doc|2000",2
"BONE INFECTION","Doc|2001",2
"BONE INFECTION","Doc|2002",4
"BONE INFECTION","Doc|2003",4
"BONE INFECTION","Doc|2004",2
"BONE INFECTION","Doc|2005",4
"BONE INFECTION","Doc|2006",4
"BONE INFECTION","Doc|2007",7
"BONE INFECTION","Doc|2008",8
"BONE INFECTION","Doc|2009",8
"BONE INFECTION","Doc|2010",8
"BONE INFECTION","Doc|2011",10
"BONE INFECTION","Doc|2012",12
"BONE INFECTION","Doc|2013",18
"BONE INFECTION","Doc|2014",22
"BONE INFECTION","Doc|2015",31
"BONE INFECTION","Doc|2016",37
"BONE INFECTION","Doc|2017",46
"BONE INFECTION","Doc|2018",47
"BONE PAGET DISEASE","Doc|1968",0
"BONE PAGET DISEASE","Doc|1969",0
"BONE PAGET DISEASE","Doc|1970",0
"BONE PAGET DISEASE","Doc|1971",0
"BONE PAGET DISEASE","Doc|1972",0
"BONE PAGET DISEASE","Doc|1973",0
"BONE PAGET DISEASE","Doc|1974",0
"BONE PAGET DISEASE","Doc|1975",2
"BONE PAGET DISEASE","Doc|1976",2
"BONE PAGET DISEASE","Doc|1977",2
"BONE PAGET DISEASE","Doc|1978",2
"BONE PAGET DISEASE","Doc|1979",2
"BONE PAGET DISEASE","Doc|1980",3
"BONE PAGET DISEASE","Doc|1981",4
"BONE PAGET DISEASE","Doc|1982",4
"BONE PAGET DISEASE","Doc|1983",4
"BONE PAGET DISEASE","Doc|1984",4
"BONE PAGET DISEASE","Doc|1985",6
"BONE PAGET DISEASE","Doc|1986",6
"BONE PAGET DISEASE","Doc|1987",9
"BONE PAGET DISEASE","Doc|1988",10
"BONE PAGET DISEASE","Doc|1989",10
"BONE PAGET DISEASE","Doc|1990",11
"BONE PAGET DISEASE","Doc|1991",12
"BONE PAGET DISEASE","Doc|1992",12
"BONE PAGET DISEASE","Doc|1993",13
"BONE PAGET DISEASE","Doc|1994",13
"BONE PAGET DISEASE","Doc|1995",13
"BONE PAGET DISEASE","Doc|1996",13
"BONE PAGET DISEASE","Doc|1997",13
"BONE PAGET DISEASE","Doc|1998",13
"BONE PAGET DISEASE","Doc|1999",13
"BONE PAGET DISEASE","Doc|2000",13
"BONE PAGET DISEASE","Doc|2001",13
"BONE PAGET DISEASE","Doc|2002",15
"BONE PAGET DISEASE","Doc|2003",21
"BONE PAGET DISEASE","Doc|2004",27
"BONE PAGET DISEASE","Doc|2005",34
"BONE PAGET DISEASE","Doc|2006",42
"BONE PAGET DISEASE","Doc|2007",46
"BONE PAGET DISEASE","Doc|2008",54
"BONE PAGET DISEASE","Doc|2009",62
"BONE PAGET DISEASE","Doc|2010",70
"BONE PAGET DISEASE","Doc|2011",81
"BONE PAGET DISEASE","Doc|2012",104
"BONE PAGET DISEASE","Doc|2013",129
"BONE PAGET DISEASE","Doc|2014",135
"BONE PAGET DISEASE","Doc|2015",148
"BONE PAGET DISEASE","Doc|2016",154
"BONE PAGET DISEASE","Doc|2017",169
"BONE PAGET DISEASE","Doc|2018",171
"CHRONIC GOUT","Doc|1968",0
"CHRONIC GOUT","Doc|1969",0
"CHRONIC GOUT","Doc|1970",0
"CHRONIC GOUT","Doc|1971",0
"CHRONIC GOUT","Doc|1972",0
"CHRONIC GOUT","Doc|1973",0
"CHRONIC GOUT","Doc|1974",0
"CHRONIC GOUT","Doc|1975",0
"CHRONIC GOUT","Doc|1976",0
"CHRONIC GOUT","Doc|1977",0
"CHRONIC GOUT","Doc|1978",0
"CHRONIC GOUT","Doc|1979",0
"CHRONIC GOUT","Doc|1980",0
"CHRONIC GOUT","Doc|1981",0
"CHRONIC GOUT","Doc|1982",0
"CHRONIC GOUT","Doc|1983",0
"CHRONIC GOUT","Doc|1984",0
"CHRONIC GOUT","Doc|1985",0
"CHRONIC GOUT","Doc|1986",0
"CHRONIC GOUT","Doc|1987",0
"CHRONIC GOUT","Doc|1988",0
"CHRONIC GOUT","Doc|1989",0
"CHRONIC GOUT","Doc|1990",0
"CHRONIC GOUT","Doc|1991",0
"CHRONIC GOUT","Doc|1992",0
"CHRONIC GOUT","Doc|1993",0
"CHRONIC GOUT","Doc|1994",0
"CHRONIC GOUT","Doc|1995",0
"CHRONIC GOUT","Doc|1996",0
"CHRONIC GOUT","Doc|1997",0
"CHRONIC GOUT","Doc|1998",0
"CHRONIC GOUT","Doc|1999",0
"CHRONIC GOUT","Doc|2000",0
"CHRONIC GOUT","Doc|2001",0
"CHRONIC GOUT","Doc|2002",0
"CHRONIC GOUT","Doc|2003",0
"CHRONIC GOUT","Doc|2004",0
"CHRONIC GOUT","Doc|2005",0
"CHRONIC GOUT","Doc|2006",0
"CHRONIC GOUT","Doc|2007",0
"CHRONIC GOUT","Doc|2008",0
"CHRONIC GOUT","Doc|2009",0
"CHRONIC GOUT","Doc|2010",0
"CHRONIC GOUT","Doc|2011",0
"CHRONIC GOUT","Doc|2012",2
"CHRONIC GOUT","Doc|2013",2
"CHRONIC GOUT","Doc|2014",2
"CHRONIC GOUT","Doc|2015",2
"CHRONIC GOUT","Doc|2016",2
"CHRONIC GOUT","Doc|2017",2
"CHRONIC GOUT","Doc|2018",2
"CHRONIC ULCERATIVE COLITIS","Doc|1968",13
"CHRONIC ULCERATIVE COLITIS","Doc|1969",13
"CHRONIC ULCERATIVE COLITIS","Doc|1970",15
"CHRONIC ULCERATIVE COLITIS","Doc|1971",15
"CHRONIC ULCERATIVE COLITIS","Doc|1972",15
"CHRONIC ULCERATIVE COLITIS","Doc|1973",15
"CHRONIC ULCERATIVE COLITIS","Doc|1974",17
"CHRONIC ULCERATIVE COLITIS","Doc|1975",18
"CHRONIC ULCERATIVE COLITIS","Doc|1976",24
"CHRONIC ULCERATIVE COLITIS","Doc|1977",25
"CHRONIC ULCERATIVE COLITIS","Doc|1978",25
"CHRONIC ULCERATIVE COLITIS","Doc|1979",25
"CHRONIC ULCERATIVE COLITIS","Doc|1980",25
"CHRONIC ULCERATIVE COLITIS","Doc|1981",25
"CHRONIC ULCERATIVE COLITIS","Doc|1982",28
"CHRONIC ULCERATIVE COLITIS","Doc|1983",29
"CHRONIC ULCERATIVE COLITIS","Doc|1984",31
"CHRONIC ULCERATIVE COLITIS","Doc|1985",33
"CHRONIC ULCERATIVE COLITIS","Doc|1986",35
"CHRONIC ULCERATIVE COLITIS","Doc|1987",37
"CHRONIC ULCERATIVE COLITIS","Doc|1988",37
"CHRONIC ULCERATIVE COLITIS","Doc|1989",37
"CHRONIC ULCERATIVE COLITIS","Doc|1990",40
"CHRONIC ULCERATIVE COLITIS","Doc|1991",46
"CHRONIC ULCERATIVE COLITIS","Doc|1992",56
"CHRONIC ULCERATIVE COLITIS","Doc|1993",72
"CHRONIC ULCERATIVE COLITIS","Doc|1994",79
"CHRONIC ULCERATIVE COLITIS","Doc|1995",91
"CHRONIC ULCERATIVE COLITIS","Doc|1996",104
"CHRONIC ULCERATIVE COLITIS","Doc|1997",114
"CHRONIC ULCERATIVE COLITIS","Doc|1998",127
"CHRONIC ULCERATIVE COLITIS","Doc|1999",142
"CHRONIC ULCERATIVE COLITIS","Doc|2000",163
"CHRONIC ULCERATIVE COLITIS","Doc|2001",157
"CHRONIC ULCERATIVE COLITIS","Doc|2002",173
"CHRONIC ULCERATIVE COLITIS","Doc|2003",201
"CHRONIC ULCERATIVE COLITIS","Doc|2004",247
"CHRONIC ULCERATIVE COLITIS","Doc|2005",259
"CHRONIC ULCERATIVE COLITIS","Doc|2006",290
"CHRONIC ULCERATIVE COLITIS","Doc|2007",341
"CHRONIC ULCERATIVE COLITIS","Doc|2008",387
"CHRONIC ULCERATIVE COLITIS","Doc|2009",448
"CHRONIC ULCERATIVE COLITIS","Doc|2010",515
"CHRONIC ULCERATIVE COLITIS","Doc|2011",603
"CHRONIC ULCERATIVE COLITIS","Doc|2012",881
"CHRONIC ULCERATIVE COLITIS","Doc|2013",1038
"CHRONIC ULCERATIVE COLITIS","Doc|2014",1234
"CHRONIC ULCERATIVE COLITIS","Doc|2015",1459
"CHRONIC ULCERATIVE COLITIS","Doc|2016",1738
"CHRONIC ULCERATIVE COLITIS","Doc|2017",2058
"CHRONIC ULCERATIVE COLITIS","Doc|2018",2118
"COGAN SYNDROME","Doc|1968",0
"COGAN SYNDROME","Doc|1969",0
"COGAN SYNDROME","Doc|1970",0
"COGAN SYNDROME","Doc|1971",0
"COGAN SYNDROME","Doc|1972",0
"COGAN SYNDROME","Doc|1973",0
"COGAN SYNDROME","Doc|1974",0
"COGAN SYNDROME","Doc|1975",0
"COGAN SYNDROME","Doc|1976",0
"COGAN SYNDROME","Doc|1977",0
"COGAN SYNDROME","Doc|1978",0
"COGAN SYNDROME","Doc|1979",0
"COGAN SYNDROME","Doc|1980",0
"COGAN SYNDROME","Doc|1981",0
"COGAN SYNDROME","Doc|1982",0
"COGAN SYNDROME","Doc|1983",0
"COGAN SYNDROME","Doc|1984",0
"COGAN SYNDROME","Doc|1985",0
"COGAN SYNDROME","Doc|1986",0
"COGAN SYNDROME","Doc|1987",0
"COGAN SYNDROME","Doc|1988",0
"COGAN SYNDROME","Doc|1989",0
"COGAN SYNDROME","Doc|1990",0
"COGAN SYNDROME","Doc|1991",0
"COGAN SYNDROME","Doc|1992",0
"COGAN SYNDROME","Doc|1993",0
"COGAN SYNDROME","Doc|1994",0
"COGAN SYNDROME","Doc|1995",0
"COGAN SYNDROME","Doc|1996",0
"COGAN SYNDROME","Doc|1997",0
"COGAN SYNDROME","Doc|1998",0
"COGAN SYNDROME","Doc|1999",0
"COGAN SYNDROME","Doc|2000",0
"COGAN SYNDROME","Doc|2001",0
"COGAN SYNDROME","Doc|2002",0
"COGAN SYNDROME","Doc|2003",0
"COGAN SYNDROME","Doc|2004",0
"COGAN SYNDROME","Doc|2005",0
"COGAN SYNDROME","Doc|2006",2
"COGAN SYNDROME","Doc|2007",3
"COGAN SYNDROME","Doc|2008",3
"COGAN SYNDROME","Doc|2009",7
"COGAN SYNDROME","Doc|2010",8
"COGAN SYNDROME","Doc|2011",10
"COGAN SYNDROME","Doc|2012",11
"COGAN SYNDROME","Doc|2013",15
"COGAN SYNDROME","Doc|2014",18
"COGAN SYNDROME","Doc|2015",20
"COGAN SYNDROME","Doc|2016",28
"COGAN SYNDROME","Doc|2017",33
"COGAN SYNDROME","Doc|2018",36
"CROHN'S DISEASE","Doc|1968",2
"CROHN'S DISEASE","Doc|1969",4
"CROHN'S DISEASE","Doc|1970",4
"CROHN'S DISEASE","Doc|1971",4
"CROHN'S DISEASE","Doc|1972",4
"CROHN'S DISEASE","Doc|1973",4
"CROHN'S DISEASE","Doc|1974",4
"CROHN'S DISEASE","Doc|1975",10
"CROHN'S DISEASE","Doc|1976",18
"CROHN'S DISEASE","Doc|1977",20
"CROHN'S DISEASE","Doc|1978",20
"CROHN'S DISEASE","Doc|1979",20
"CROHN'S DISEASE","Doc|1980",20
"CROHN'S DISEASE","Doc|1981",23
"CROHN'S DISEASE","Doc|1982",27
"CROHN'S DISEASE","Doc|1983",27
"CROHN'S DISEASE","Doc|1984",27
"CROHN'S DISEASE","Doc|1985",27
"CROHN'S DISEASE","Doc|1986",27
"CROHN'S DISEASE","Doc|1987",31
"CROHN'S DISEASE","Doc|1988",36
"CROHN'S DISEASE","Doc|1989",40
"CROHN'S DISEASE","Doc|1990",43
"CROHN'S DISEASE","Doc|1991",48
"CROHN'S DISEASE","Doc|1992",56
"CROHN'S DISEASE","Doc|1993",62
"CROHN'S DISEASE","Doc|1994",65
"CROHN'S DISEASE","Doc|1995",77
"CROHN'S DISEASE","Doc|1996",82
"CROHN'S DISEASE","Doc|1997",101
"CROHN'S DISEASE","Doc|1998",114
"CROHN'S DISEASE","Doc|1999",125
"CROHN'S DISEASE","Doc|2000",159
"CROHN'S DISEASE","Doc|2001",181
"CROHN'S DISEASE","Doc|2002",252
"CROHN'S DISEASE","Doc|2003",332
"CROHN'S DISEASE","Doc|2004",428
"CROHN'S DISEASE","Doc|2005",502
"CROHN'S DISEASE","Doc|2006",627
"CROHN'S DISEASE","Doc|2007",758
"CROHN'S DISEASE","Doc|2008",931
"CROHN'S DISEASE","Doc|2009",1112
"CROHN'S DISEASE","Doc|2010",1338
"CROHN'S DISEASE","Doc|2011",1591
"CROHN'S DISEASE","Doc|2012",2151
"CROHN'S DISEASE","Doc|2013",2413
"CROHN'S DISEASE","Doc|2014",2691
"CROHN'S DISEASE","Doc|2015",3021
"CROHN'S DISEASE","Doc|2016",3317
"CROHN'S DISEASE","Doc|2017",3665
"CROHN'S DISEASE","Doc|2018",3717
"FIBROMYALGIA","Doc|1968",0
"FIBROMYALGIA","Doc|1969",0
"FIBROMYALGIA","Doc|1970",0
"FIBROMYALGIA","Doc|1971",0
"FIBROMYALGIA","Doc|1972",0
"FIBROMYALGIA","Doc|1973",0
"FIBROMYALGIA","Doc|1974",0
"FIBROMYALGIA","Doc|1975",0
"FIBROMYALGIA","Doc|1976",0
"FIBROMYALGIA","Doc|1977",0
"FIBROMYALGIA","Doc|1978",0
"FIBROMYALGIA","Doc|1979",0
"FIBROMYALGIA","Doc|1980",0
"FIBROMYALGIA","Doc|1981",0
"FIBROMYALGIA","Doc|1982",0
"FIBROMYALGIA","Doc|1983",0
"FIBROMYALGIA","Doc|1984",0
"FIBROMYALGIA","Doc|1985",0
"FIBROMYALGIA","Doc|1986",0
"FIBROMYALGIA","Doc|1987",0
"FIBROMYALGIA","Doc|1988",0
"FIBROMYALGIA","Doc|1989",0
"FIBROMYALGIA","Doc|1990",0
"FIBROMYALGIA","Doc|1991",0
"FIBROMYALGIA","Doc|1992",0
"FIBROMYALGIA","Doc|1993",0
"FIBROMYALGIA","Doc|1994",2
"FIBROMYALGIA","Doc|1995",2
"FIBROMYALGIA","Doc|1996",4
"FIBROMYALGIA","Doc|1997",4
"FIBROMYALGIA","Doc|1998",6
"FIBROMYALGIA","Doc|1999",9
"FIBROMYALGIA","Doc|2000",12
"FIBROMYALGIA","Doc|2001",14
"FIBROMYALGIA","Doc|2002",19
"FIBROMYALGIA","Doc|2003",20
"FIBROMYALGIA","Doc|2004",33
"FIBROMYALGIA","Doc|2005",31
"FIBROMYALGIA","Doc|2006",41
"FIBROMYALGIA","Doc|2007",48
"FIBROMYALGIA","Doc|2008",52
"FIBROMYALGIA","Doc|2009",59
"FIBROMYALGIA","Doc|2010",65
"FIBROMYALGIA","Doc|2011",74
"FIBROMYALGIA","Doc|2012",104
"FIBROMYALGIA","Doc|2013",144
"FIBROMYALGIA","Doc|2014",174
"FIBROMYALGIA","Doc|2015",214
"FIBROMYALGIA","Doc|2016",249
"FIBROMYALGIA","Doc|2017",290
"FIBROMYALGIA","Doc|2018",299
"GRANULOMATOSIS WITH POLYANGIITIS","Doc|1968",0
"GRANULOMATOSIS WITH POLYANGIITIS","Doc|1969",0
"GRANULOMATOSIS WITH POLYANGIITIS","Doc|1970",0
"GRANULOMATOSIS WITH POLYANGIITIS","Doc|1971",0
"GRANULOMATOSIS WITH POLYANGIITIS","Doc|1972",0
"GRANULOMATOSIS WITH POLYANGIITIS","Doc|1973",0
"GRANULOMATOSIS WITH POLYANGIITIS","Doc|1974",0
"GRANULOMATOSIS WITH POLYANGIITIS","Doc|1975",0
"GRANULOMATOSIS WITH POLYANGIITIS","Doc|1976",0
"GRANULOMATOSIS WITH POLYANGIITIS","Doc|1977",0
"GRANULOMATOSIS WITH POLYANGIITIS","Doc|1978",0
"GRANULOMATOSIS WITH POLYANGIITIS","Doc|1979",0
"GRANULOMATOSIS WITH POLYANGIITIS","Doc|1980",0
"GRANULOMATOSIS WITH POLYANGIITIS","Doc|1981",0
"GRANULOMATOSIS WITH POLYANGIITIS","Doc|1982",0
"GRANULOMATOSIS WITH POLYANGIITIS","Doc|1983",0
"GRANULOMATOSIS WITH POLYANGIITIS","Doc|1984",0
"GRANULOMATOSIS WITH POLYANGIITIS","Doc|1985",0
"GRANULOMATOSIS WITH POLYANGIITIS","Doc|1986",0
"GRANULOMATOSIS WITH POLYANGIITIS","Doc|1987",0
"GRANULOMATOSIS WITH POLYANGIITIS","Doc|1988",0
"GRANULOMATOSIS WITH POLYANGIITIS","Doc|1989",0
"GRANULOMATOSIS WITH POLYANGIITIS","Doc|1990",0
"GRANULOMATOSIS WITH POLYANGIITIS","Doc|1991",3
"GRANULOMATOSIS WITH POLYANGIITIS","Doc|1992",4
"GRANULOMATOSIS WITH POLYANGIITIS","Doc|1993",8
"GRANULOMATOSIS WITH POLYANGIITIS","Doc|1994",13
"GRANULOMATOSIS WITH POLYANGIITIS","Doc|1995",18
"GRANULOMATOSIS WITH POLYANGIITIS","Doc|1996",22
"GRANULOMATOSIS WITH POLYANGIITIS","Doc|1997",24
"GRANULOMATOSIS WITH POLYANGIITIS","Doc|1998",29
"GRANULOMATOSIS WITH POLYANGIITIS","Doc|1999",30
"GRANULOMATOSIS WITH POLYANGIITIS","Doc|2000",37
"GRANULOMATOSIS WITH POLYANGIITIS","Doc|2001",40
"GRANULOMATOSIS WITH POLYANGIITIS","Doc|2002",48
"GRANULOMATOSIS WITH POLYANGIITIS","Doc|2003",52
"GRANULOMATOSIS WITH POLYANGIITIS","Doc|2004",76
"GRANULOMATOSIS WITH POLYANGIITIS","Doc|2005",70
"GRANULOMATOSIS WITH POLYANGIITIS","Doc|2006",73
"GRANULOMATOSIS WITH POLYANGIITIS","Doc|2007",80
"GRANULOMATOSIS WITH POLYANGIITIS","Doc|2008",89
"GRANULOMATOSIS WITH POLYANGIITIS","Doc|2009",92
"GRANULOMATOSIS WITH POLYANGIITIS","Doc|2010",100
"GRANULOMATOSIS WITH POLYANGIITIS","Doc|2011",103
"GRANULOMATOSIS WITH POLYANGIITIS","Doc|2012",127
"GRANULOMATOSIS WITH POLYANGIITIS","Doc|2013",148
"GRANULOMATOSIS WITH POLYANGIITIS","Doc|2014",165
"GRANULOMATOSIS WITH POLYANGIITIS","Doc|2015",177
"GRANULOMATOSIS WITH POLYANGIITIS","Doc|2016",207
"GRANULOMATOSIS WITH POLYANGIITIS","Doc|2017",226
"GRANULOMATOSIS WITH POLYANGIITIS","Doc|2018",233
"HENOCH-SCHONLEIN PURPURA","Doc|1968",0
"HENOCH-SCHONLEIN PURPURA","Doc|1969",0
"HENOCH-SCHONLEIN PURPURA","Doc|1970",0
"HENOCH-SCHONLEIN PURPURA","Doc|1971",0
"HENOCH-SCHONLEIN PURPURA","Doc|1972",0
"HENOCH-SCHONLEIN PURPURA","Doc|1973",0
"HENOCH-SCHONLEIN PURPURA","Doc|1974",0
"HENOCH-SCHONLEIN PURPURA","Doc|1975",0
"HENOCH-SCHONLEIN PURPURA","Doc|1976",0
"HENOCH-SCHONLEIN PURPURA","Doc|1977",0
"HENOCH-SCHONLEIN PURPURA","Doc|1978",0
"HENOCH-SCHONLEIN PURPURA","Doc|1979",0
"HENOCH-SCHONLEIN PURPURA","Doc|1980",0
"HENOCH-SCHONLEIN PURPURA","Doc|1981",0
"HENOCH-SCHONLEIN PURPURA","Doc|1982",0
"HENOCH-SCHONLEIN PURPURA","Doc|1983",0
"HENOCH-SCHONLEIN PURPURA","Doc|1984",2
"HENOCH-SCHONLEIN PURPURA","Doc|1985",3
"HENOCH-SCHONLEIN PURPURA","Doc|1986",4
"HENOCH-SCHONLEIN PURPURA","Doc|1987",5
"HENOCH-SCHONLEIN PURPURA","Doc|1988",8
"HENOCH-SCHONLEIN PURPURA","Doc|1989",10
"HENOCH-SCHONLEIN PURPURA","Doc|1990",10
"HENOCH-SCHONLEIN PURPURA","Doc|1991",10
"HENOCH-SCHONLEIN PURPURA","Doc|1992",10
"HENOCH-SCHONLEIN PURPURA","Doc|1993",10
"HENOCH-SCHONLEIN PURPURA","Doc|1994",10
"HENOCH-SCHONLEIN PURPURA","Doc|1995",10
"HENOCH-SCHONLEIN PURPURA","Doc|1996",15
"HENOCH-SCHONLEIN PURPURA","Doc|1997",15
"HENOCH-SCHONLEIN PURPURA","Doc|1998",20
"HENOCH-SCHONLEIN PURPURA","Doc|1999",22
"HENOCH-SCHONLEIN PURPURA","Doc|2000",27
"HENOCH-SCHONLEIN PURPURA","Doc|2001",24
"HENOCH-SCHONLEIN PURPURA","Doc|2002",26
"HENOCH-SCHONLEIN PURPURA","Doc|2003",28
"HENOCH-SCHONLEIN PURPURA","Doc|2004",31
"HENOCH-SCHONLEIN PURPURA","Doc|2005",32
"HENOCH-SCHONLEIN PURPURA","Doc|2006",32
"HENOCH-SCHONLEIN PURPURA","Doc|2007",32
"HENOCH-SCHONLEIN PURPURA","Doc|2008",38
"HENOCH-SCHONLEIN PURPURA","Doc|2009",39
"HENOCH-SCHONLEIN PURPURA","Doc|2010",40
"HENOCH-SCHONLEIN PURPURA","Doc|2011",44
"HENOCH-SCHONLEIN PURPURA","Doc|2012",58
"HENOCH-SCHONLEIN PURPURA","Doc|2013",65
"HENOCH-SCHONLEIN PURPURA","Doc|2014",75
"HENOCH-SCHONLEIN PURPURA","Doc|2015",91
"HENOCH-SCHONLEIN PURPURA","Doc|2016",102
"HENOCH-SCHONLEIN PURPURA","Doc|2017",105
"HENOCH-SCHONLEIN PURPURA","Doc|2018",109
"KAWASAKI DISEASE","Doc|1968",0
"KAWASAKI DISEASE","Doc|1969",0
"KAWASAKI DISEASE","Doc|1970",0
"KAWASAKI DISEASE","Doc|1971",0
"KAWASAKI DISEASE","Doc|1972",0
"KAWASAKI DISEASE","Doc|1973",0
"KAWASAKI DISEASE","Doc|1974",0
"KAWASAKI DISEASE","Doc|1975",0
"KAWASAKI DISEASE","Doc|1976",0
"KAWASAKI DISEASE","Doc|1977",0
"KAWASAKI DISEASE","Doc|1978",0
"KAWASAKI DISEASE","Doc|1979",0
"KAWASAKI DISEASE","Doc|1980",0
"KAWASAKI DISEASE","Doc|1981",0
"KAWASAKI DISEASE","Doc|1982",0
"KAWASAKI DISEASE","Doc|1983",0
"KAWASAKI DISEASE","Doc|1984",0
"KAWASAKI DISEASE","Doc|1985",0
"KAWASAKI DISEASE","Doc|1986",2
"KAWASAKI DISEASE","Doc|1987",2
"KAWASAKI DISEASE","Doc|1988",2
"KAWASAKI DISEASE","Doc|1989",5
"KAWASAKI DISEASE","Doc|1990",7
"KAWASAKI DISEASE","Doc|1991",9
"KAWASAKI DISEASE","Doc|1992",15
"KAWASAKI DISEASE","Doc|1993",19
"KAWASAKI DISEASE","Doc|1994",23
"KAWASAKI DISEASE","Doc|1995",23
"KAWASAKI DISEASE","Doc|1996",25
"KAWASAKI DISEASE","Doc|1997",32
"KAWASAKI DISEASE","Doc|1998",35
"KAWASAKI DISEASE","Doc|1999",45
"KAWASAKI DISEASE","Doc|2000",45
"KAWASAKI DISEASE","Doc|2001",52
"KAWASAKI DISEASE","Doc|2002",53
"KAWASAKI DISEASE","Doc|2003",61
"KAWASAKI DISEASE","Doc|2004",61
"KAWASAKI DISEASE","Doc|2005",69
"KAWASAKI DISEASE","Doc|2006",80
"KAWASAKI DISEASE","Doc|2007",86
"KAWASAKI DISEASE","Doc|2008",93
"KAWASAKI DISEASE","Doc|2009",99
"KAWASAKI DISEASE","Doc|2010",110
"KAWASAKI DISEASE","Doc|2011",126
"KAWASAKI DISEASE","Doc|2012",147
"KAWASAKI DISEASE","Doc|2013",164
"KAWASAKI DISEASE","Doc|2014",197
"KAWASAKI DISEASE","Doc|2015",228
"KAWASAKI DISEASE","Doc|2016",264
"KAWASAKI DISEASE","Doc|2017",302
"KAWASAKI DISEASE","Doc|2018",332
"LYME DISEASE","Doc|1968",0
"LYME DISEASE","Doc|1969",0
"LYME DISEASE","Doc|1970",0
"LYME DISEASE","Doc|1971",0
"LYME DISEASE","Doc|1972",0
"LYME DISEASE","Doc|1973",0
"LYME DISEASE","Doc|1974",0
"LYME DISEASE","Doc|1975",0
"LYME DISEASE","Doc|1976",0
"LYME DISEASE","Doc|1977",0
"LYME DISEASE","Doc|1978",0
"LYME DISEASE","Doc|1979",0
"LYME DISEASE","Doc|1980",0
"LYME DISEASE","Doc|1981",0
"LYME DISEASE","Doc|1982",0
"LYME DISEASE","Doc|1983",2
"LYME DISEASE","Doc|1984",2
"LYME DISEASE","Doc|1985",3
"LYME DISEASE","Doc|1986",4
"LYME DISEASE","Doc|1987",4
"LYME DISEASE","Doc|1988",4
"LYME DISEASE","Doc|1989",7
"LYME DISEASE","Doc|1990",9
"LYME DISEASE","Doc|1991",9
"LYME DISEASE","Doc|1992",15
"LYME DISEASE","Doc|1993",19
"LYME DISEASE","Doc|1994",25
"LYME DISEASE","Doc|1995",31
"LYME DISEASE","Doc|1996",33
"LYME DISEASE","Doc|1997",41
"LYME DISEASE","Doc|1998",51
"LYME DISEASE","Doc|1999",59
"LYME DISEASE","Doc|2000",89
"LYME DISEASE","Doc|2001",86
"LYME DISEASE","Doc|2002",98
"LYME DISEASE","Doc|2003",116
"LYME DISEASE","Doc|2004",178
"LYME DISEASE","Doc|2005",159
"LYME DISEASE","Doc|2006",177
"LYME DISEASE","Doc|2007",202
"LYME DISEASE","Doc|2008",218
"LYME DISEASE","Doc|2009",233
"LYME DISEASE","Doc|2010",253
"LYME DISEASE","Doc|2011",280
"LYME DISEASE","Doc|2012",382
"LYME DISEASE","Doc|2013",408
"LYME DISEASE","Doc|2014",439
"LYME DISEASE","Doc|2015",470
"LYME DISEASE","Doc|2016",517
"LYME DISEASE","Doc|2017",570
"LYME DISEASE","Doc|2018",577
"POLYCYTHEMIA","Doc|1968",3
"POLYCYTHEMIA","Doc|1969",3
"POLYCYTHEMIA","Doc|1970",4
"POLYCYTHEMIA","Doc|1971",5
"POLYCYTHEMIA","Doc|1972",5
"POLYCYTHEMIA","Doc|1973",5
"POLYCYTHEMIA","Doc|1974",5
"POLYCYTHEMIA","Doc|1975",5
"POLYCYTHEMIA","Doc|1976",6
"POLYCYTHEMIA","Doc|1977",6
"POLYCYTHEMIA","Doc|1978",6
"POLYCYTHEMIA","Doc|1979",9
"POLYCYTHEMIA","Doc|1980",9
"POLYCYTHEMIA","Doc|1981",11
"POLYCYTHEMIA","Doc|1982",13
"POLYCYTHEMIA","Doc|1983",14
"POLYCYTHEMIA","Doc|1984",14
"POLYCYTHEMIA","Doc|1985",16
"POLYCYTHEMIA","Doc|1986",16
"POLYCYTHEMIA","Doc|1987",18
"POLYCYTHEMIA","Doc|1988",19
"POLYCYTHEMIA","Doc|1989",19
"POLYCYTHEMIA","Doc|1990",20
"POLYCYTHEMIA","Doc|1991",21
"POLYCYTHEMIA","Doc|1992",24
"POLYCYTHEMIA","Doc|1993",25
"POLYCYTHEMIA","Doc|1994",28
"POLYCYTHEMIA","Doc|1995",32
"POLYCYTHEMIA","Doc|1996",33
"POLYCYTHEMIA","Doc|1997",37
"POLYCYTHEMIA","Doc|1998",43
"POLYCYTHEMIA","Doc|1999",45
"POLYCYTHEMIA","Doc|2000",42
"POLYCYTHEMIA","Doc|2001",53
"POLYCYTHEMIA","Doc|2002",55
"POLYCYTHEMIA","Doc|2003",60
"POLYCYTHEMIA","Doc|2004",62
"POLYCYTHEMIA","Doc|2005",70
"POLYCYTHEMIA","Doc|2006",74
"POLYCYTHEMIA","Doc|2007",78
"POLYCYTHEMIA","Doc|2008",95
"POLYCYTHEMIA","Doc|2009",102
"POLYCYTHEMIA","Doc|2010",118
"POLYCYTHEMIA","Doc|2011",134
"POLYCYTHEMIA","Doc|2012",147
"POLYCYTHEMIA","Doc|2013",166
"POLYCYTHEMIA","Doc|2014",187
"POLYCYTHEMIA","Doc|2015",201
"POLYCYTHEMIA","Doc|2016",219
"POLYCYTHEMIA","Doc|2017",241
"POLYCYTHEMIA","Doc|2018",252
"PSORIASIS","Doc|1968",6
"PSORIASIS","Doc|1969",6
"PSORIASIS","Doc|1970",7
"PSORIASIS","Doc|1971",7
"PSORIASIS","Doc|1972",7
"PSORIASIS","Doc|1973",7
"PSORIASIS","Doc|1974",7
"PSORIASIS","Doc|1975",10
"PSORIASIS","Doc|1976",11
"PSORIASIS","Doc|1977",11
"PSORIASIS","Doc|1978",11
"PSORIASIS","Doc|1979",11
"PSORIASIS","Doc|1980",14
"PSORIASIS","Doc|1981",17
"PSORIASIS","Doc|1982",19
"PSORIASIS","Doc|1983",22
"PSORIASIS","Doc|1984",26
"PSORIASIS","Doc|1985",29
"PSORIASIS","Doc|1986",34
"PSORIASIS","Doc|1987",39
"PSORIASIS","Doc|1988",41
"PSORIASIS","Doc|1989",44
"PSORIASIS","Doc|1990",56
"PSORIASIS","Doc|1991",75
"PSORIASIS","Doc|1992",82
"PSORIASIS","Doc|1993",89
"PSORIASIS","Doc|1994",95
"PSORIASIS","Doc|1995",108
"PSORIASIS","Doc|1996",113
"PSORIASIS","Doc|1997",128
"PSORIASIS","Doc|1998",151
"PSORIASIS","Doc|1999",174
"PSORIASIS","Doc|2000",188
"PSORIASIS","Doc|2001",230
"PSORIASIS","Doc|2002",283
"PSORIASIS","Doc|2003",369
"PSORIASIS","Doc|2004",404
"PSORIASIS","Doc|2005",589
"PSORIASIS","Doc|2006",694
"PSORIASIS","Doc|2007",825
"PSORIASIS","Doc|2008",982
"PSORIASIS","Doc|2009",1153
"PSORIASIS","Doc|2010",1383
"PSORIASIS","Doc|2011",1617
"PSORIASIS","Doc|2012",2031
"PSORIASIS","Doc|2013",2389
"PSORIASIS","Doc|2014",2732
"PSORIASIS","Doc|2015",3182
"PSORIASIS","Doc|2016",3613
"PSORIASIS","Doc|2017",4146
"PSORIASIS","Doc|2018",4294
"SARCOIDOSIS","Doc|1968",2
"SARCOIDOSIS","Doc|1969",2
"SARCOIDOSIS","Doc|1970",2
"SARCOIDOSIS","Doc|1971",2
"SARCOIDOSIS","Doc|1972",2
"SARCOIDOSIS","Doc|1973",2
"SARCOIDOSIS","Doc|1974",2
"SARCOIDOSIS","Doc|1975",2
"SARCOIDOSIS","Doc|1976",5
"SARCOIDOSIS","Doc|1977",11
"SARCOIDOSIS","Doc|1978",17
"SARCOIDOSIS","Doc|1979",27
"SARCOIDOSIS","Doc|1980",34
"SARCOIDOSIS","Doc|1981",42
"SARCOIDOSIS","Doc|1982",53
"SARCOIDOSIS","Doc|1983",61
"SARCOIDOSIS","Doc|1984",65
"SARCOIDOSIS","Doc|1985",75
"SARCOIDOSIS","Doc|1986",78
"SARCOIDOSIS","Doc|1987",84
"SARCOIDOSIS","Doc|1988",85
"SARCOIDOSIS","Doc|1989",87
"SARCOIDOSIS","Doc|1990",92
"SARCOIDOSIS","Doc|1991",97
"SARCOIDOSIS","Doc|1992",99
"SARCOIDOSIS","Doc|1993",109
"SARCOIDOSIS","Doc|1994",114
"SARCOIDOSIS","Doc|1995",120
"SARCOIDOSIS","Doc|1996",126
"SARCOIDOSIS","Doc|1997",132
"SARCOIDOSIS","Doc|1998",136
"SARCOIDOSIS","Doc|1999",157
"SARCOIDOSIS","Doc|2000",177
"SARCOIDOSIS","Doc|2001",181
"SARCOIDOSIS","Doc|2002",194
"SARCOIDOSIS","Doc|2003",212
"SARCOIDOSIS","Doc|2004",225
"SARCOIDOSIS","Doc|2005",242
"SARCOIDOSIS","Doc|2006",272
"SARCOIDOSIS","Doc|2007",297
"SARCOIDOSIS","Doc|2008",317
"SARCOIDOSIS","Doc|2009",343
"SARCOIDOSIS","Doc|2010",363
"SARCOIDOSIS","Doc|2011",393
"SARCOIDOSIS","Doc|2012",455
"SARCOIDOSIS","Doc|2013",505
"SARCOIDOSIS","Doc|2014",531
"SARCOIDOSIS","Doc|2015",588
"SARCOIDOSIS","Doc|2016",649
"SARCOIDOSIS","Doc|2017",709
"SARCOIDOSIS","Doc|2018",726
"SCLERODERMA","Doc|1968",0
"SCLERODERMA","Doc|1969",0
"SCLERODERMA","Doc|1970",0
"SCLERODERMA","Doc|1971",0
"SCLERODERMA","Doc|1972",0
"SCLERODERMA","Doc|1973",0
"SCLERODERMA","Doc|1974",0
"SCLERODERMA","Doc|1975",0
"SCLERODERMA","Doc|1976",0
"SCLERODERMA","Doc|1977",0
"SCLERODERMA","Doc|1978",0
"SCLERODERMA","Doc|1979",0
"SCLERODERMA","Doc|1980",0
"SCLERODERMA","Doc|1981",0
"SCLERODERMA","Doc|1982",2
"SCLERODERMA","Doc|1983",2
"SCLERODERMA","Doc|1984",2
"SCLERODERMA","Doc|1985",4
"SCLERODERMA","Doc|1986",4
"SCLERODERMA","Doc|1987",6
"SCLERODERMA","Doc|1988",11
"SCLERODERMA","Doc|1989",16
"SCLERODERMA","Doc|1990",20
"SCLERODERMA","Doc|1991",29
"SCLERODERMA","Doc|1992",41
"SCLERODERMA","Doc|1993",48
"SCLERODERMA","Doc|1994",56
"SCLERODERMA","Doc|1995",66
"SCLERODERMA","Doc|1996",77
"SCLERODERMA","Doc|1997",88
"SCLERODERMA","Doc|1998",99
"SCLERODERMA","Doc|1999",111
"SCLERODERMA","Doc|2000",130
"SCLERODERMA","Doc|2001",152
"SCLERODERMA","Doc|2002",172
"SCLERODERMA","Doc|2003",193
"SCLERODERMA","Doc|2004",231
"SCLERODERMA","Doc|2005",271
"SCLERODERMA","Doc|2006",299
"SCLERODERMA","Doc|2007",353
"SCLERODERMA","Doc|2008",388
"SCLERODERMA","Doc|2009",415
"SCLERODERMA","Doc|2010",510
"SCLERODERMA","Doc|2011",602
"SCLERODERMA","Doc|2012",836
"SCLERODERMA","Doc|2013",981
"SCLERODERMA","Doc|2014",1151
"SCLERODERMA","Doc|2015",1351
"SCLERODERMA","Doc|2016",1507
"SCLERODERMA","Doc|2017",1663
"SCLERODERMA","Doc|2018",1734
"SJOGREN'S SYNDROME","Doc|1968",0
"SJOGREN'S SYNDROME","Doc|1969",0
"SJOGREN'S SYNDROME","Doc|1970",0
"SJOGREN'S SYNDROME","Doc|1971",0
"SJOGREN'S SYNDROME","Doc|1972",0
"SJOGREN'S SYNDROME","Doc|1973",0
"SJOGREN'S SYNDROME","Doc|1974",0
"SJOGREN'S SYNDROME","Doc|1975",2
"SJOGREN'S SYNDROME","Doc|1976",2
"SJOGREN'S SYNDROME","Doc|1977",2
"SJOGREN'S SYNDROME","Doc|1978",3
"SJOGREN'S SYNDROME","Doc|1979",3
"SJOGREN'S SYNDROME","Doc|1980",3
"SJOGREN'S SYNDROME","Doc|1981",3
"SJOGREN'S SYNDROME","Doc|1982",4
"SJOGREN'S SYNDROME","Doc|1983",4
"SJOGREN'S SYNDROME","Doc|1984",6
"SJOGREN'S SYNDROME","Doc|1985",10
"SJOGREN'S SYNDROME","Doc|1986",12
"SJOGREN'S SYNDROME","Doc|1987",12
"SJOGREN'S SYNDROME","Doc|1988",13
"SJOGREN'S SYNDROME","Doc|1989",13
"SJOGREN'S SYNDROME","Doc|1990",14
"SJOGREN'S SYNDROME","Doc|1991",16
"SJOGREN'S SYNDROME","Doc|1992",16
"SJOGREN'S SYNDROME","Doc|1993",19
"SJOGREN'S SYNDROME","Doc|1994",20
"SJOGREN'S SYNDROME","Doc|1995",21
"SJOGREN'S SYNDROME","Doc|1996",24
"SJOGREN'S SYNDROME","Doc|1997",25
"SJOGREN'S SYNDROME","Doc|1998",29
"SJOGREN'S SYNDROME","Doc|1999",32
"SJOGREN'S SYNDROME","Doc|2000",43
"SJOGREN'S SYNDROME","Doc|2001",48
"SJOGREN'S SYNDROME","Doc|2002",57
"SJOGREN'S SYNDROME","Doc|2003",65
"SJOGREN'S SYNDROME","Doc|2004",77
"SJOGREN'S SYNDROME","Doc|2005",79
"SJOGREN'S SYNDROME","Doc|2006",86
"SJOGREN'S SYNDROME","Doc|2007",100
"SJOGREN'S SYNDROME","Doc|2008",113
"SJOGREN'S SYNDROME","Doc|2009",125
"SJOGREN'S SYNDROME","Doc|2010",130
"SJOGREN'S SYNDROME","Doc|2011",145
"SJOGREN'S SYNDROME","Doc|2012",199
"SJOGREN'S SYNDROME","Doc|2013",224
"SJOGREN'S SYNDROME","Doc|2014",258
"SJOGREN'S SYNDROME","Doc|2015",298
"SJOGREN'S SYNDROME","Doc|2016",337
"SJOGREN'S SYNDROME","Doc|2017",382
"SJOGREN'S SYNDROME","Doc|2018",393
"SYSTEMIC LUPUS ERYTHEMATOSUS","Doc|1968",2
"SYSTEMIC LUPUS ERYTHEMATOSUS","Doc|1969",2
"SYSTEMIC LUPUS ERYTHEMATOSUS","Doc|1970",2
"SYSTEMIC LUPUS ERYTHEMATOSUS","Doc|1971",2
"SYSTEMIC LUPUS ERYTHEMATOSUS","Doc|1972",2
"SYSTEMIC LUPUS ERYTHEMATOSUS","Doc|1973",4
"SYSTEMIC LUPUS ERYTHEMATOSUS","Doc|1974",6
"SYSTEMIC LUPUS ERYTHEMATOSUS","Doc|1975",9
"SYSTEMIC LUPUS ERYTHEMATOSUS","Doc|1976",9
"SYSTEMIC LUPUS ERYTHEMATOSUS","Doc|1977",9
"SYSTEMIC LUPUS ERYTHEMATOSUS","Doc|1978",9
"SYSTEMIC LUPUS ERYTHEMATOSUS","Doc|1979",9
"SYSTEMIC LUPUS ERYTHEMATOSUS","Doc|1980",15
"SYSTEMIC LUPUS ERYTHEMATOSUS","Doc|1981",17
"SYSTEMIC LUPUS ERYTHEMATOSUS","Doc|1982",19
"SYSTEMIC LUPUS ERYTHEMATOSUS","Doc|1983",20
"SYSTEMIC LUPUS ERYTHEMATOSUS","Doc|1984",29
"SYSTEMIC LUPUS ERYTHEMATOSUS","Doc|1985",35
"SYSTEMIC LUPUS ERYTHEMATOSUS","Doc|1986",40
"SYSTEMIC LUPUS ERYTHEMATOSUS","Doc|1987",47
"SYSTEMIC LUPUS ERYTHEMATOSUS","Doc|1988",63
"SYSTEMIC LUPUS ERYTHEMATOSUS","Doc|1989",72
"SYSTEMIC LUPUS ERYTHEMATOSUS","Doc|1990",90
"SYSTEMIC LUPUS ERYTHEMATOSUS","Doc|1991",103
"SYSTEMIC LUPUS ERYTHEMATOSUS","Doc|1992",116
"SYSTEMIC LUPUS ERYTHEMATOSUS","Doc|1993",126
"SYSTEMIC LUPUS ERYTHEMATOSUS","Doc|1994",146
"SYSTEMIC LUPUS ERYTHEMATOSUS","Doc|1995",173
"SYSTEMIC LUPUS ERYTHEMATOSUS","Doc|1996",187
"SYSTEMIC LUPUS ERYTHEMATOSUS","Doc|1997",213
"SYSTEMIC LUPUS ERYTHEMATOSUS","Doc|1998",250
"SYSTEMIC LUPUS ERYTHEMATOSUS","Doc|1999",277
"SYSTEMIC LUPUS ERYTHEMATOSUS","Doc|2000",330
"SYSTEMIC LUPUS ERYTHEMATOSUS","Doc|2001",351
"SYSTEMIC LUPUS ERYTHEMATOSUS","Doc|2002",401
"SYSTEMIC LUPUS ERYTHEMATOSUS","Doc|2003",480
"SYSTEMIC LUPUS ERYTHEMATOSUS","Doc|2004",579
"SYSTEMIC LUPUS ERYTHEMATOSUS","Doc|2005",631
"SYSTEMIC LUPUS ERYTHEMATOSUS","Doc|2006",730
"SYSTEMIC LUPUS ERYTHEMATOSUS","Doc|2007",828
"SYSTEMIC LUPUS ERYTHEMATOSUS","Doc|2008",984
"SYSTEMIC LUPUS ERYTHEMATOSUS","Doc|2009",1136
"SYSTEMIC LUPUS ERYTHEMATOSUS","Doc|2010",1387
"SYSTEMIC LUPUS ERYTHEMATOSUS","Doc|2011",1592
"SYSTEMIC LUPUS ERYTHEMATOSUS","Doc|2012",2581
"SYSTEMIC LUPUS ERYTHEMATOSUS","Doc|2013",2993
"SYSTEMIC LUPUS ERYTHEMATOSUS","Doc|2014",3419
"SYSTEMIC LUPUS ERYTHEMATOSUS","Doc|2015",3925
"SYSTEMIC LUPUS ERYTHEMATOSUS","Doc|2016",4471
"SYSTEMIC LUPUS ERYTHEMATOSUS","Doc|2017",4942
"SYSTEMIC LUPUS ERYTHEMATOSUS","Doc|2018",5058
